{"ranked": [["Kumar Raj.docx", 0.24694999618427094], ["KIRAN KUMAR.docx", 0.22173910518922818], ["Jennifer  M. Conte.docx", 0.20800652331209243], ["komal patel.docx", 0.20667892599054616], ["mohid_rj.docx", 0.20233407853655977], ["harish S.docx", 0.20198919196675835], ["Drakshajavauidev.docx", 0.20140812738949826], ["jeck P.docx", 0.19811609912752276], ["kalyan das.docx", 0.19755680238667975], ["Anudeep N_Sr Java Developer.docx", 0.19409400647322655], ["Harika_java.docx", 0.19147490966484962], ["Ashwini J2EE Developer.docx", 0.19141800192523198], ["manohar.B.docx", 0.1886788010434562], ["avinash G.docx", 0.187848016729393], ["Mounika_P.docx", 0.18464951459626988], ["Harish K.docx", 0.18383523270024546], ["Manohar Reddy.docx", 0.18141069822599482], ["jagadeesh k.docx", 0.18125465661876067], ["HARI_Sr.Java Developer.docx", 0.18097624729127815], ["Jayadattaperi N.docx", 0.18094673986925228]], "skills": {"java": 1407, "sql": 1037, "aws": 289, "api": 274, "c++": 50, "python": 63}}